{"global_step": 325, "_timestamp": 1677816829.6789477, "charts/steps": 8070.0, "charts/epsilon": 0.4739272892475128, "charts/epi_r": 1.0, "charts/epi_loss": 1.3482167720794678, "charts/eval_epi_r": 0.0, "_runtime": 195.03058767318726, "_step": 325, "charts/q_mean": 0.08649877458810806, "charts/q_max": 8.344066619873047, "charts/q_min": -1.0891085863113403, "_wandb": {"runtime": 197}}