{"global_step": 1060, "_timestamp": 1677817126.5945997, "charts/steps": 13869.0, "charts/epsilon": 0.2873799502849579, "charts/epi_r": 0.0, "charts/epi_loss": 0.18867971003055573, "charts/eval_epi_r": 0.0, "_runtime": 274.24627566337585, "_step": 1060, "charts/q_mean": -0.04421902075409889, "charts/q_max": 5.05268669128418, "charts/q_min": -1.1333380937576294, "_wandb": {"runtime": 273}}