{"global_step": 16, "_timestamp": 1677706105.1993833, "charts/steps": 1232.0, "_runtime": 24.678163290023804, "_step": 16, "charts/epsilon": 1232.0, "charts/epi_r": 0.0, "charts/epi_loss": 0.0, "_wandb": {"runtime": 24}}