{"global_step": 729, "_timestamp": 1677809863.5334709, "charts/steps": 48114.0, "charts/epsilon": 0.05779172107577324, "charts/epi_r": 1.0, "charts/epi_loss": 1.9226521253585815, "charts/eval_epi_r": 0.0, "_runtime": 2179.8342287540436, "_step": 729, "charts/q_mean": -0.05128829553723335, "charts/q_max": 5.119473457336426, "charts/q_min": -0.5586657524108887, "_wandb": {"runtime": 2304}}