{"global_step": 347, "_timestamp": 1677817830.2226188, "charts/steps": 21440.0, "charts/epsilon": 0.1613927185535431, "charts/epi_r": 0.0, "charts/epi_loss": 0.25272685289382935, "charts/eval_epi_r": 0.0, "_runtime": 443.9351968765259, "_step": 347, "charts/q_mean": -0.0369255430996418, "charts/q_max": 9.189050674438477, "charts/q_min": -1.8597437143325806, "_wandb": {"runtime": 449}}