{"global_step": 470, "_timestamp": 1677776195.3774056, "charts/steps": 38222.0, "charts/epsilon": 0.07095048576593399, "charts/epi_r": 0.0, "charts/epi_loss": 2.3632702827453613, "charts/eval_epi_r": 0.0, "_runtime": 999.6956686973572, "_step": 470, "charts/q_mean": 0.06391412764787674, "charts/q_max": 37.182743072509766, "charts/q_min": -9.954031944274902, "_wandb": {"runtime": 1013}}