{"global_step": 449, "_timestamp": 1677816035.3484557, "charts/steps": 11443.0, "charts/epsilon": 0.35255467891693115, "charts/epi_r": 1.0, "charts/epi_loss": 4.853034973144531, "charts/eval_epi_r": 1.0, "_runtime": 278.0757975578308, "_step": 449, "charts/q_mean": -0.2680884897708893, "charts/q_max": 3.1775519847869873, "charts/q_min": -1.5122334957122803, "_wandb": {"runtime": 282}}