{"global_step": 1, "_timestamp": 1677774195.798031, "charts/steps": 153.0, "charts/epsilon": 0.99177086353302, "charts/epi_r": 0.0, "charts/epi_loss": 0.0, "_runtime": 8.682421207427979, "_step": 1, "_wandb": {"runtime": 11}}