{"global_step": 65, "_timestamp": 1677775143.5137973, "charts/steps": 4556.0, "charts/epsilon": 0.6558679342269897, "charts/epi_r": 0.0, "charts/epi_loss": 2.111125946044922, "charts/eval_epi_r": 0.0, "_runtime": 108.6853141784668, "_step": 65, "charts/q_mean": -0.03493523970246315, "charts/q_max": 4.492560386657715, "charts/q_min": -1.2116820812225342, "_wandb": {"runtime": 123}}