{"global_step": 834, "_timestamp": 1677815362.9765015, "charts/steps": 64007.0, "charts/epsilon": 0.05158861353993416, "charts/epi_r": 0.0, "charts/epi_loss": 2.983661413192749, "charts/eval_epi_r": 0.0, "_runtime": 1646.4759254455566, "_step": 834, "charts/q_mean": 0.07373570650815964, "charts/q_max": 5.916240215301514, "charts/q_min": -0.9990065693855286, "_wandb": {"runtime": 1651}}