{"global_step": 179, "_timestamp": 1677816242.9221787, "charts/steps": 6189.0, "charts/epsilon": 0.5616608262062073, "charts/epi_r": 1.0, "charts/epi_loss": 1.4441813230514526, "charts/eval_epi_r": 1.0, "_runtime": 143.14708876609802, "_step": 179, "charts/q_mean": 0.01667593978345394, "charts/q_max": 7.635000228881836, "charts/q_min": -1.3527071475982666, "_wandb": {"runtime": 143}}