{"global_step": 19, "_timestamp": 1677773616.2686298, "charts/steps": 1622.0, "charts/epsilon": 0.8734163641929626, "charts/epi_r": 0.0, "charts/epi_loss": 0.0, "_runtime": 33.6321017742157, "_step": 19, "_wandb": {"runtime": 35}}