{"global_step": 9990, "_timestamp": 1677806631.9070015, "charts/steps": 861279.0, "charts/epsilon": 0.05000000074505806, "charts/epi_r": 1.0, "charts/epi_loss": 0.9141774773597717, "charts/eval_epi_r": 0.0, "_runtime": 30290.464836597443, "_step": 9990, "charts/q_mean": 0.002637696685269475, "charts/q_max": 3.835297107696533, "charts/q_min": -1.2740375995635986, "_wandb": {"runtime": 30302}}