{"global_step": 19, "_timestamp": 1677816371.4097524, "charts/steps": 1190.0, "charts/epsilon": 0.9047952890396118, "charts/epi_r": 0.0, "charts/epi_loss": 0.0, "charts/eval_epi_r": 0.0, "_runtime": 35.232991456985474, "_step": 19, "_wandb": {"runtime": 52}}