{"global_step": 147, "_timestamp": 1677811527.6075654, "charts/steps": 12059.0, "charts/epsilon": 0.338259756565094, "charts/epi_r": 1.0, "charts/epi_loss": 9.302700996398926, "charts/eval_epi_r": 1.0, "_runtime": 601.0551693439484, "_step": 147, "charts/q_mean": -0.010736331343650818, "charts/q_max": 10.595409393310547, "charts/q_min": -0.5919502973556519, "_wandb": {"runtime": 614}}